<?xml version="1.0" encoding="UTF-8" ?>
<XMLDB PATH="local/courserequest/db"
       VERSION="2026012002"
       COMMENT="Database tables for local_courserequest plugin">
  <TABLES>

    <TABLE NAME="local_courserequest" COMMENT="Stores course request data from company managers">
      <FIELDS>

        <FIELD NAME="id"
               TYPE="int"
               LENGTH="10"
               SEQUENCE="true"
               NOTNULL="true"
               COMMENT="Primary key"/>

        <FIELD NAME="courseid"
               TYPE="int"
               LENGTH="10"
               NOTNULL="true"
               COMMENT="Requested course ID"/>

        <FIELD NAME="companyid"
               TYPE="int"
               LENGTH="10"
               NOTNULL="true"
               COMMENT="Company ID requesting the course"/>

        <FIELD NAME="managerid"
               TYPE="int"
               LENGTH="10"
               NOTNULL="true"
               COMMENT="Company manager user ID"/>

        <FIELD NAME="status"
               TYPE="char"
               LENGTH="20"
               NOTNULL="true"
               COMMENT="Request status: pending, approved, rejected"/>

        <FIELD NAME="timecreated"
               TYPE="int"
               LENGTH="10"
               NOTNULL="true"
               COMMENT="Unix timestamp when request was created"/>

      </FIELDS>

      <KEYS>
        <KEY NAME="primary"
             TYPE="primary"
             FIELDS="id"
             COMMENT="Primary key"/>
      </KEYS>

    </TABLE>

  </TABLES>
</XMLDB>
